Feature Extractor,50 Trees,100 Trees,150 Trees,200 Trees
DenseNet201,0.6324786324786325,0.6245747338887443,0.6324786324786325,0.6262331951308919
InceptionV3,0.5811965811965812,0.5805993923202146,0.5811965811965812,0.5800450820030144
MobileNetV2,0.5641025641025641,0.5739898077926247,0.5641025641025641,0.5675160557793497
